{"cameraMode":{"drawMode":0,"name":"Shaded","section":"Shading Mode"},"sceneLighting":true,"audioPlay":false,"sceneViewState":{"m_AlwaysRefresh":false,"showFog":true,"showSkybox":true,"showFlares":true,"showImageEffects":true,"showParticleSystems":true,"showVisualEffectGraphs":true,"m_FxEnabled":true},"in2DMode":false,"pivot":{"x":-3.0711450576782228,"y":0.03590672090649605,"z":1.2275363206863404},"rotation":{"x":0.008579246699810028,"y":-0.4996592402458191,"z":0.004974091425538063,"w":0.8662059307098389},"size":2.724559783935547,"orthographic":false}